{
    "Call_General_C.Brown": {
        "task": "Call_General_C.Brown",
        "begin date": "2023-11-25",
        "end date": "2023-11-30",
        "status": "Done",
        "tags": [
            "call",
            "general",
            "USA"
        ]
    },
    "Call_Mark_Milley": {
        "task": "Call_Mark_Milley",
        "begin date": "2023-12-17",
        "end date": "2023-12-28",
        "status": "In_progress",
        "tags": [
            "call",
            "USA"
        ]
    },
    "hm": {
        "task": "hm",
        "begin date": "2024-01-04",
        "end date": "2024-01-07",
        "status": "pending",
        "tags": [
            "hw",
            "02"
        ]
    },
    "reparation": {
        "task": "reparation",
        "begin date": "2024-01-05",
        "end date": "2024-01-30",
        "status": "in pending",
        "tags": [
            "repar",
            "house"
        ]
    }
}
